fx{i},fx{i},fx{i},fx{i},fx{i},fx{i},fx{i},fx{i},fx{i},fx{i},fx{i},fx{i},fx{i},fx{i},fx{i},fx{i},fx{i},fx{i},fx{i},fx{i},fx{i},y1,y2,y3,y4,y5,y6,y7,y8,y9,y10,y11,y12,y13,y14,y15,y16,y17,y18,y19,y20,y21,label
0.25302654504776,0.3492351174354553,0.4354604482650757,0.48690372705459595,0.49995192885398865,0.4776516258716583,0.4747467339038849,0.44018682837486267,0.4317002594470978,0.3932521641254425,0.3960469365119934,0.3704931437969208,0.3706248998641968,0.30713286995887756,0.31136801838874817,0.2952992618083954,0.2989349067211151,0.22707264125347137,0.24367459118366241,0.24462589621543884,0.24571280181407928,0.3612249791622162,0.3914899230003357,0.4428924322128296,0.5042586326599121,0.5592516660690308,0.22431659698486328,0.4742240905761719,0.469463586807251,0.4052371084690094,0.20754501223564148,0.4883737564086914,0.44911131262779236,0.37185195088386536,0.23011869192123413,0.4839041531085968,0.4412310719490051,0.36875787377357483,0.26774418354034424,0.46277230978012085,0.4296552836894989,0.36385732889175415,Fist
0.30626365542411804,0.37931346893310547,0.4410700500011444,0.4369121789932251,0.3555740416049957,0.4823983311653137,0.3941425681114197,0.38636574149131775,0.39926132559776306,0.3888213038444519,0.31266069412231445,0.3220619857311249,0.33911582827568054,0.29348355531692505,0.23864974081516266,0.25200632214546204,0.2726801633834839,0.20657537877559662,0.17894448339939117,0.2017851322889328,0.2228109985589981,0.41120004653930664,0.5004743337631226,0.5982642769813538,0.6674429178237915,0.6738542318344116,0.3363606929779053,0.5760509371757507,0.5703698992729187,0.5131515860557556,0.275674432516098,0.5670353770256042,0.5367233753204346,0.4546644687652588,0.2612789571285248,0.5335656404495239,0.4993867874145508,0.4131105840206146,0.2711241841316223,0.4806508421897888,0.460970401763916,0.3907890021800995,Fist
0.16368992626667023,0.28168678283691406,0.3972344994544983,0.488689124584198,0.5604335069656372,0.331682413816452,0.44107890129089355,0.3997029662132263,0.36229243874549866,0.2353430688381195,0.3692026436328888,0.3203876316547394,0.2859782874584198,0.15685437619686127,0.28571563959121704,0.24256634712219238,0.21231624484062195,0.0905010849237442,0.20898446440696716,0.1907862275838852,0.15986622869968414,0.4743225574493408,0.42504265904426575,0.39386847615242004,0.4326063096523285,0.48099055886268616,0.16680511832237244,0.43120259046554565,0.453590452671051,0.39395278692245483,0.22249096632003784,0.5063464045524597,0.4863630533218384,0.41222643852233887,0.31561049818992615,0.5746094584465027,0.5465795397758484,0.4705480933189392,0.41706231236457825,0.5999780893325806,0.5712010264396667,0.5063316226005554,Fist
0.1911127269268036,0.2785574793815613,0.35188084840774536,0.3848021626472473,0.36177098751068115,0.37801823019981384,0.34349924325942993,0.3226355314254761,0.32537853717803955,0.29771408438682556,0.27075064182281494,0.2594573497772217,0.27050745487213135,0.216388538479805,0.19646905362606049,0.19163081049919128,0.2052018940448761,0.1415978968143463,0.13522887229919434,0.14152982831001282,0.1492132693529129,0.4757688641548157,0.5070534348487854,0.5572336912155151,0.6152324080467224,0.6535056829452515,0.35542792081832886,0.5705450773239136,0.5577152371406555,0.5017913579940796,0.33154210448265076,0.5837489366531372,0.5441389679908752,0.4715243875980377,0.3431757092475891,0.577763557434082,0.5351631045341492,0.4634854197502136,0.3707413971424103,0.5525252223014832,0.5196162462234497,0.4544534981250763,Fist
0.18079786002635956,0.2784650921821594,0.4068312346935272,0.4967153072357178,0.5178293585777283,0.3524274230003357,0.47061818838119507,0.4488099217414856,0.4102545380592346,0.2965141236782074,0.4332401752471924,0.4071196913719177,0.3661784529685974,0.25162172317504883,0.3828018307685852,0.3569815754890442,0.32270970940589905,0.21735984086990356,0.3328850269317627,0.3197641670703888,0.288158655166626,0.39249205589294434,0.32852303981781006,0.32247114181518555,0.37323105335235596,0.41452762484550476,0.21957549452781677,0.36917293071746826,0.4118860363960266,0.38731807470321655,0.293745219707489,0.448555052280426,0.46648457646369934,0.42785194516181946,0.38208651542663574,0.5144802331924438,0.5137479901313782,0.4712705910205841,0.472558856010437,0.5696877837181091,0.5563482046127319,0.5175530314445496,Fist
0.28962451219558716,0.3455964922904968,0.3862464129924774,0.390461802482605,0.3610296845436096,0.4666305184364319,0.3793100416660309,0.37061840295791626,0.3901069760322571,0.3953985869884491,0.30259326100349426,0.310228168964386,0.34182673692703247,0.31413042545318604,0.23222821950912476,0.24557068943977356,0.2777978777885437,0.23525404930114746,0.17716556787490845,0.19854629039764404,0.22576472163200378,0.42383143305778503,0.4946690797805786,0.5786445140838623,0.6437774896621704,0.6747303009033203,0.3971971869468689,0.5780442953109741,0.5628085732460022,0.5165717601776123,0.3329273760318756,0.5564523935317993,0.5140242576599121,0.4493394196033478,0.30606725811958313,0.5164928436279297,0.4744224548339844,0.41419491171836853,0.29732972383499146,0.4636242985725403,0.43463456630706787,0.3790665566921234,Fist
0.3714565932750702,0.37693995237350464,0.3840838074684143,0.3779803216457367,0.37652045488357544,0.5467616319656372,0.4035671353340149,0.3786434233188629,0.39994680881500244,0.5415181517601013,0.37960243225097656,0.3688488006591797,0.3981139361858368,0.510212242603302,0.35920047760009766,0.3541027903556824,0.3904668688774109,0.46739378571510315,0.3543534278869629,0.3415157198905945,0.36643314361572266,0.43689319491386414,0.5437822341918945,0.6363512277603149,0.6487919688224792,0.5844067931175232,0.5610383152961731,0.5903265476226807,0.5998029112815857,0.5994240641593933,0.4522835910320282,0.5037189722061157,0.515785813331604,0.5075251460075378,0.35677701234817505,0.41269704699516296,0.43210652470588684,0.4278468191623688,0.27759653329849243,0.3255205750465393,0.35808420181274414,0.36986568570137024,Fist
0.25515854358673096,0.3644656836986542,0.46135270595550537,0.513970673084259,0.5015751719474792,0.4217902421951294,0.47605615854263306,0.4433381259441376,0.4191928803920746,0.3378952145576477,0.407391756772995,0.37790241837501526,0.36016643047332764,0.2653478682041168,0.33687883615493774,0.31160876154899597,0.2947107255458832,0.2043965756893158,0.2703930139541626,0.26576387882232666,0.2518928050994873,0.31052640080451965,0.29757940769195557,0.30231553316116333,0.3333548307418823,0.36848366260528564,0.08541762828826904,0.3162117898464203,0.3331642746925354,0.275532990694046,0.10571426153182983,0.3570023775100708,0.33869513869285583,0.26994451880455017,0.16804012656211853,0.39803987741470337,0.37075406312942505,0.30258846282958984,0.24427573382854462,0.41688019037246704,0.3912356495857239,0.33219340443611145,Fist
0.2986869812011719,0.38379472494125366,0.4678261876106262,0.5195479989051819,0.5216388702392578,0.4812544286251068,0.4743095636367798,0.45278123021125793,0.44484803080558777,0.4078165888786316,0.39127254486083984,0.3741554319858551,0.37096989154815674,0.3304528295993805,0.31985360383987427,0.3129713833332062,0.3148418366909027,0.258481502532959,0.2552446722984314,0.2584184408187866,0.26217639446258545,0.5001533031463623,0.5170986652374268,0.5020139217376709,0.4815240502357483,0.4484429657459259,0.22924122214317322,0.3391059339046478,0.42526543140411377,0.4529484212398529,0.19356697797775269,0.3598403334617615,0.4389157295227051,0.44256100058555603,0.19817478954792023,0.37427639961242676,0.4337137043476105,0.41804540157318115,0.22624507546424866,0.36495161056518555,0.4187430739402771,0.40751293301582336,Fist
0.2340906262397766,0.3456774353981018,0.42579931020736694,0.4498845040798187,0.43741902709007263,0.4298618733882904,0.4170877933502197,0.3954959809780121,0.38867852091789246,0.34742364287376404,0.3412042558193207,0.33133095502853394,0.3304843008518219,0.26586398482322693,0.2757907807826996,0.26860156655311584,0.2642210125923157,0.19199417531490326,0.21593143045902252,0.21185925602912903,0.2037331461906433,0.29487478733062744,0.33813613653182983,0.48429256677627563,0.6301591992378235,0.714992880821228,0.46673479676246643,0.6845789551734924,0.6589647531509399,0.6046725511550903,0.4747791290283203,0.6872203946113586,0.6365770697593689,0.5689899325370789,0.48482948541641235,0.6726595163345337,0.6165973544120789,0.5507625937461853,0.49633339047431946,0.6384938359260559,0.5927112698554993,0.5394085049629211,Fist
0.2756642699241638,0.3612183928489685,0.4174158573150635,0.3897145390510559,0.31753259897232056,0.3992486000061035,0.33606791496276855,0.35266247391700745,0.3787918984889984,0.3009167015552521,0.26157456636428833,0.28950417041778564,0.306052565574646,0.21117937564849854,0.19125902652740479,0.22220687568187714,0.24111546576023102,0.13968881964683533,0.13582634925842285,0.16970068216323853,0.1954634040594101,0.33042752742767334,0.4003170430660248,0.474717378616333,0.5568978786468506,0.5954523086547852,0.21158771216869354,0.4465376138687134,0.45195576548576355,0.4013846516609192,0.179310604929924,0.4614623188972473,0.43852925300598145,0.3647380769252777,0.19535180926322937,0.45885348320007324,0.43182453513145447,0.35612136125564575,0.23530364036560059,0.42990177869796753,0.4125426411628723,0.3475424349308014,Fist
0.6638243198394775,0.5432066321372986,0.46420300006866455,0.4558776021003723,0.5088675022125244,0.42768073081970215,0.4311704635620117,0.4829099476337433,0.49342072010040283,0.5101834535598755,0.5120977759361267,0.5479962825775146,0.5457412600517273,0.5981104373931885,0.5952341556549072,0.6199570894241333,0.6152561902999878,0.6812107563018799,0.6664445400238037,0.6748038530349731,0.6721119284629822,0.4939518868923187,0.5520322918891907,0.6266071796417236,0.7295647859573364,0.7826553583145142,0.43297863006591797,0.6772416830062866,0.6850149631500244,0.6230644583702087,0.41379696130752563,0.6814168095588684,0.6545099020004272,0.5859062075614929,0.4295312762260437,0.6828880906105042,0.6499252915382385,0.5794618129730225,0.46398794651031494,0.6541711688041687,0.628882110118866,0.5636085867881775,Fist
0.6384578943252563,0.5789854526519775,0.5202025175094604,0.5702362060546875,0.6588164567947388,0.4657478928565979,0.5607272386550903,0.5572665333747864,0.528095543384552,0.5332053899765015,0.6448061466217041,0.6288086771965027,0.5875746011734009,0.6100164651870728,0.7124865651130676,0.6826780438423157,0.6380167007446289,0.6833796501159668,0.75188809633255,0.7307942509651184,0.6996511220932007,0.5383185148239136,0.6185566186904907,0.6719804406166077,0.6809293627738953,0.6375546455383301,0.4136890172958374,0.5563917756080627,0.6007013320922852,0.5680121183395386,0.33724281191825867,0.52150958776474,0.5614979863166809,0.5053607225418091,0.30391108989715576,0.48936402797698975,0.5207025408744812,0.4687822759151459,0.2991964519023895,0.43670207262039185,0.45999422669410706,0.4227939248085022,Fist
0.6246581077575684,0.5609337091445923,0.5059410333633423,0.5206572413444519,0.5656980276107788,0.4749865233898163,0.5250178575515747,0.5209581851959229,0.5072961449623108,0.5523333549499512,0.6074458360671997,0.5902947783470154,0.5733429789543152,0.6333353519439697,0.6739178895950317,0.6528923511505127,0.635051429271698,0.7062675952911377,0.7271832227706909,0.7087138891220093,0.6947411298751831,0.49962347745895386,0.543633222579956,0.5876749753952026,0.6324418187141418,0.6407326459884644,0.3561508059501648,0.5349770188331604,0.5495174527168274,0.5069840550422668,0.31399649381637573,0.5281707644462585,0.5186659693717957,0.4628071188926697,0.3102484941482544,0.515845775604248,0.5075904726982117,0.45132195949554443,0.3309982120990753,0.4882320463657379,0.4832618236541748,0.4313593804836273,Fist
0.7629128098487854,0.7279884219169617,0.621377170085907,0.49490126967430115,0.42242228984832764,0.6436833143234253,0.482303649187088,0.505935788154602,0.5463020205497742,0.6305471658706665,0.4654255211353302,0.5003090500831604,0.5477638244628906,0.6097643375396729,0.4611467123031616,0.5028311610221863,0.5504055023193359,0.5839655995368958,0.4733264446258545,0.50989830493927,0.5492534637451172,0.5386414527893066,0.39500612020492554,0.2718781530857086,0.26878201961517334,0.3367249667644501,0.23959501087665558,0.24852187931537628,0.2924448549747467,0.3007061183452606,0.35046789050102234,0.3425899147987366,0.37339532375335693,0.38356831669807434,0.4586664140224457,0.4365948736667633,0.4588440954685211,0.4694156348705292,0.5624364614486694,0.5142512917518616,0.5283172130584717,0.5445948839187622,Fist
0.7248871326446533,0.5999233722686768,0.44433683156967163,0.36147379875183105,0.3959319293498993,0.526327908039093,0.40234917402267456,0.42695939540863037,0.45152735710144043,0.589978039264679,0.4483877122402191,0.4774651825428009,0.5157406330108643,0.6418555974960327,0.50307697057724,0.5302468538284302,0.5708768367767334,0.6808552742004395,0.5634925961494446,0.5783057808876038,0.6171098351478577,0.48864826560020447,0.4343717396259308,0.4518909752368927,0.5110318660736084,0.5803541541099548,0.4077666103839874,0.5847402811050415,0.5924806594848633,0.5586081743240356,0.48560523986816406,0.6644910573959351,0.6564240455627441,0.607997715473175,0.5711957812309265,0.718561053276062,0.6963721513748169,0.6458247900009155,0.6606963276863098,0.7545711994171143,0.7321003079414368,0.6945489645004272,Fist
0.7222928404808044,0.6050456166267395,0.5386667847633362,0.5657851696014404,0.6563398241996765,0.6059926152229309,0.6322641968727112,0.6257618069648743,0.6183584928512573,0.6974453926086426,0.7121765613555908,0.692107081413269,0.6894431114196777,0.7775987982749939,0.7738761305809021,0.7503700256347656,0.7460837960243225,0.8454370498657227,0.8233025074005127,0.8009126782417297,0.8012208938598633,0.558375358581543,0.6259668469429016,0.7647799849510193,0.8954156637191772,0.9390639066696167,0.5893769264221191,0.8432130217552185,0.7843536734580994,0.7087481021881104,0.5638991594314575,0.8443808555603027,0.7851013541221619,0.7109473347663879,0.5658934116363525,0.8195023536682129,0.7603373527526855,0.6873491406440735,0.5853589773178101,0.7772752046585083,0.7300868034362793,0.6588829159736633,Fist
0.6899067759513855,0.6364502906799316,0.6454997658729553,0.7496674656867981,0.8333614468574524,0.6192781329154968,0.7727652192115784,0.7295254468917847,0.678001880645752,0.6910693645477295,0.8174000382423401,0.7570980191230774,0.707557201385498,0.7534765005111694,0.864775538444519,0.8074740171432495,0.7611057162284851,0.8019495010375977,0.8786481022834778,0.8383557200431824,0.7985265851020813,0.5620865225791931,0.6461527943611145,0.6691622734069824,0.6666936874389648,0.632066547870636,0.3783549666404724,0.531529426574707,0.5871546268463135,0.5598399639129639,0.3172628879547119,0.5047488808631897,0.5691024661064148,0.5296606421470642,0.3048931062221527,0.4834006428718567,0.5314885377883911,0.4904114007949829,0.32482272386550903,0.46412914991378784,0.5066888332366943,0.48333504796028137,Fist
0.735628604888916,0.6393958926200867,0.5473739504814148,0.5597361922264099,0.6343752145767212,0.5817181468009949,0.5690653920173645,0.5962052941322327,0.613900899887085,0.6569671630859375,0.646664023399353,0.6708020567893982,0.6795492768287659,0.729753315448761,0.7256580591201782,0.7387805581092834,0.7369092106819153,0.8013485074043274,0.7970563173294067,0.7957589626312256,0.7892678380012512,0.5299627780914307,0.5220919847488403,0.44841915369033813,0.34908467531204224,0.3063161075115204,0.2699506878852844,0.17443224787712097,0.25688087940216064,0.3253355324268341,0.24501927196979523,0.14663395285606384,0.2586679458618164,0.3328486382961273,0.24458341300487518,0.16258439421653748,0.2679978311061859,0.3339426815509796,0.26666727662086487,0.20272397994995117,0.2811446785926819,0.3310011327266693,Fist
0.6863203048706055,0.5844336152076721,0.5123804807662964,0.4820483922958374,0.5108805894851685,0.5090560913085938,0.475976824760437,0.5031922459602356,0.5134767293930054,0.5897459387779236,0.55659419298172,0.5839129686355591,0.5877702236175537,0.671847403049469,0.6364746689796448,0.648592472076416,0.6474839448928833,0.7430408000946045,0.7101829051971436,0.7101395130157471,0.7058204412460327,0.4926282465457916,0.5213142037391663,0.5619299411773682,0.6327911615371704,0.6706368923187256,0.346973180770874,0.5741679668426514,0.5880807042121887,0.532138466835022,0.34352874755859375,0.5966001749038696,0.5749185085296631,0.5003213286399841,0.3744666278362274,0.6170637607574463,0.5863461494445801,0.5159614086151123,0.42486467957496643,0.6059927940368652,0.574226975440979,0.5034034848213196,Fist
0.16202250123023987,0.19319596886634827,0.2532757520675659,0.30063214898109436,0.32145053148269653,0.33613109588623047,0.38143470883369446,0.3614645004272461,0.3350776731967926,0.3501448631286621,0.3900527060031891,0.36554011702537537,0.3353058397769928,0.3526558578014374,0.38404908776283264,0.35891664028167725,0.3270532488822937,0.34629252552986145,0.3686116635799408,0.34158051013946533,0.31234145164489746,0.703696608543396,0.5891169905662537,0.4951364994049072,0.4239594340324402,0.35979223251342773,0.5191642642021179,0.5733352899551392,0.6003693342208862,0.5986425876617432,0.5886978507041931,0.6304264664649963,0.6504207253456116,0.64752197265625,0.6646973490715027,0.6901952624320984,0.7030142545700073,0.6977678537368774,0.737679660320282,0.7422123551368713,0.7475254535675049,0.7437124252319336,Thumbs_Up
0.17194172739982605,0.21532416343688965,0.2928174138069153,0.33309313654899597,0.34688666462898254,0.326260507106781,0.4319703280925751,0.40271469950675964,0.3649715185165405,0.315737247467041,0.4257565140724182,0.3911987543106079,0.3523671329021454,0.30377477407455444,0.40301477909088135,0.367819607257843,0.3316781222820282,0.29178309440612793,0.37650632858276367,0.3449417054653168,0.3090204894542694,0.7136614322662354,0.6105897426605225,0.5071852207183838,0.42485588788986206,0.34527337551116943,0.5179030299186707,0.5895720720291138,0.6067906022071838,0.5894277095794678,0.5878311991691589,0.6489992737770081,0.6582667827606201,0.641312301158905,0.667325496673584,0.7120422124862671,0.7160766124725342,0.7006587982177734,0.7458595037460327,0.7689872980117798,0.7667148113250732,0.7534158229827881,Thumbs_Up
0.17250394821166992,0.2268090546131134,0.31500130891799927,0.3566646873950958,0.36773398518562317,0.3271797299385071,0.4427550137042999,0.4073977470397949,0.3675067126750946,0.3005869686603546,0.42469146847724915,0.38285669684410095,0.3465324640274048,0.2759007215499878,0.3938155174255371,0.3543505072593689,0.31985992193222046,0.2544466257095337,0.3599730432033539,0.33135274052619934,0.29356324672698975,0.7617533802986145,0.66326504945755,0.5599490404129028,0.4721417725086212,0.3835165500640869,0.5418432354927063,0.6352220773696899,0.6609771847724915,0.6376810669898987,0.6056525111198425,0.704819917678833,0.7136341333389282,0.6859523057937622,0.6856072545051575,0.768865168094635,0.772053599357605,0.7476118803024292,0.7658535242080688,0.8240891695022583,0.8164508938789368,0.7947033047676086,Thumbs_Up
0.16128313541412354,0.20121385157108307,0.2812577486038208,0.3338072896003723,0.34970447421073914,0.34788307547569275,0.4417896866798401,0.41346731781959534,0.3741239905357361,0.35486605763435364,0.4458101987838745,0.41352829337120056,0.37043413519859314,0.3540002405643463,0.4286709725856781,0.39571744203567505,0.35720741748809814,0.34590765833854675,0.4056580066680908,0.3724522590637207,0.33820512890815735,0.795600175857544,0.6677277684211731,0.551406979560852,0.4653480052947998,0.3854788839817047,0.5851191878318787,0.6259493231773376,0.6529303193092346,0.6511425971984863,0.671556293964386,0.6957688927650452,0.7114524841308594,0.7079718112945557,0.7604756951332092,0.7682862281799316,0.7779423594474792,0.7760218381881714,0.8428597450256348,0.8326937556266785,0.8346691131591797,0.8339086174964905,Thumbs_Up
0.2120095193386078,0.21602189540863037,0.28134751319885254,0.3337208032608032,0.3537296950817108,0.40297791361808777,0.3686419427394867,0.3359921872615814,0.31935858726501465,0.428803414106369,0.38897058367729187,0.3575146794319153,0.3388140797615051,0.42828893661499023,0.3896290957927704,0.3637077212333679,0.3446379005908966,0.4156530499458313,0.3853303790092468,0.3610677123069763,0.3448498249053955,0.8660185933113098,0.7243131399154663,0.6051703691482544,0.5191268920898438,0.4419482350349426,0.6341479420661926,0.6440606117248535,0.6616623401641846,0.671329140663147,0.7092421650886536,0.7124249935150146,0.7215309143066406,0.7367138266563416,0.7875534892082214,0.778059184551239,0.7812251448631287,0.7909785509109497,0.8560072779655457,0.8413962125778198,0.8431971669197083,0.848487138748169,Thumbs_Up
0.2383185774087906,0.27879267930984497,0.3443765342235565,0.382402241230011,0.38105297088623047,0.4181888699531555,0.4954855740070343,0.46885520219802856,0.4348651170730591,0.42842209339141846,0.5044739842414856,0.4780086576938629,0.44060376286506653,0.43055397272109985,0.4855155348777771,0.4587116241455078,0.4234553277492523,0.4256128668785095,0.4614965319633484,0.43430018424987793,0.4057671129703522,0.823887050151825,0.7113703489303589,0.6055611371994019,0.518318235874176,0.43837302923202515,0.6140838265419006,0.6717731356620789,0.703780472278595,0.6997119188308716,0.6919474005699158,0.7388806343078613,0.7644081711769104,0.7597745060920715,0.7781988978385925,0.8107903003692627,0.8268963694572449,0.8191444873809814,0.8607175946235657,0.8705964088439941,0.8767856955528259,0.8714988231658936,Thumbs_Up
0.23771530389785767,0.29092299938201904,0.3729083836078644,0.3983927369117737,0.3892461359500885,0.36794352531433105,0.5044291615486145,0.47495463490486145,0.4294685423374176,0.34160321950912476,0.49103760719299316,0.4518860876560211,0.40144702792167664,0.32312363386154175,0.46087613701820374,0.4217904508113861,0.3751201629638672,0.3112807869911194,0.42907023429870605,0.3983704745769501,0.35133057832717896,0.8920058608055115,0.7836166024208069,0.6573587656021118,0.5521631240844727,0.45100075006484985,0.6385215520858765,0.702261209487915,0.7438596487045288,0.7317713499069214,0.7121343016624451,0.7796570658683777,0.8066385984420776,0.7918261289596558,0.8016233444213867,0.8598520159721375,0.8736315369606018,0.8568640947341919,0.8928889632225037,0.9292709827423096,0.9288151860237122,0.9105908274650574,Thumbs_Up
0.22638753056526184,0.2949569821357727,0.34150630235671997,0.35650157928466797,0.3556165099143982,0.2416960746049881,0.3949432373046875,0.3761245310306549,0.3314080536365509,0.2021002620458603,0.3757851719856262,0.338419109582901,0.2915457785129547,0.18027925491333008,0.34532296657562256,0.3072411119937897,0.2630082368850708,0.17165781557559967,0.3000982105731964,0.2756679952144623,0.22872407734394073,0.9374878406524658,0.8113741874694824,0.6805056929588318,0.5761971473693848,0.47237297892570496,0.6096614003181458,0.6949529051780701,0.7380365133285522,0.725213885307312,0.6925724744796753,0.776997447013855,0.8051961064338684,0.7909504175186157,0.7890098690986633,0.8649767637252808,0.88945072889328,0.8734768033027649,0.8861937522888184,0.9436264038085938,0.9526426792144775,0.9394065141677856,Thumbs_Up
0.1719541698694229,0.2401966005563736,0.25117361545562744,0.24052515625953674,0.2290462851524353,0.12865400314331055,0.26834040880203247,0.2794656753540039,0.24272960424423218,0.07865715026855469,0.24577295780181885,0.2503815293312073,0.21497848629951477,0.05637199431657791,0.20946452021598816,0.21130309998989105,0.17246201634407043,0.04752020537853241,0.16592633724212646,0.1756872832775116,0.14564895629882812,0.7588191032409668,0.642596960067749,0.49564868211746216,0.38095539808273315,0.27270564436912537,0.4490407705307007,0.5287619233131409,0.5996918678283691,0.602213978767395,0.5320159792900085,0.6208542585372925,0.6723328828811646,0.6665219664573669,0.6299471855163574,0.7141608595848083,0.74491286277771,0.7295970916748047,0.7279678583145142,0.7912810444831848,0.802196204662323,0.7888897061347961,Thumbs_Up
0.18796376883983612,0.2723695635795593,0.30006641149520874,0.30566322803497314,0.3330400586128235,0.17746561765670776,0.19960255920886993,0.22590231895446777,0.209519624710083,0.1023826077580452,0.13715860247612,0.18798549473285675,0.17681540548801422,0.050526611506938934,0.08486446738243103,0.14644789695739746,0.14117571711540222,0.016818150877952576,0.06216954439878464,0.11229982227087021,0.10927586257457733,0.7497598528862,0.6503628492355347,0.47444072365760803,0.35863375663757324,0.2819320559501648,0.35355085134506226,0.3677397072315216,0.47143685817718506,0.48339441418647766,0.3948100805282593,0.421450674533844,0.5294816493988037,0.5282899737358093,0.4668768346309662,0.48675650358200073,0.577914834022522,0.5808063745498657,0.5487731695175171,0.587850034236908,0.63882976770401,0.6337430477142334,Thumbs_Up
0.185573011636734,0.273671954870224,0.3392721116542816,0.39511072635650635,0.44614267349243164,0.25839367508888245,0.2306719869375229,0.2462683469057083,0.2642585039138794,0.19320034980773926,0.1637253612279892,0.19625252485275269,0.21934711933135986,0.1369020640850067,0.112607941031456,0.15280133485794067,0.17832118272781372,0.0874049961566925,0.07406049966812134,0.10717129707336426,0.12968742847442627,0.6951160430908203,0.6280948519706726,0.4860951602458954,0.39371058344841003,0.35677286982536316,0.37244686484336853,0.28619515895843506,0.39625945687294006,0.4468998610973358,0.39665845036506653,0.3120386004447937,0.44345712661743164,0.4907543659210205,0.43524104356765747,0.36969372630119324,0.48690423369407654,0.5317742228507996,0.48356422781944275,0.44377949833869934,0.5206372141838074,0.5566259622573853,Thumbs_Up
0.12608098983764648,0.17332607507705688,0.24322348833084106,0.2604568600654602,0.24573640525341034,0.3113654553890228,0.422549307346344,0.38710951805114746,0.34377604722976685,0.31906840205192566,0.42572230100631714,0.3923184871673584,0.34814217686653137,0.31796735525131226,0.40401557087898254,0.37092241644859314,0.3316132128238678,0.3120110332965851,0.37418603897094727,0.34539663791656494,0.3151143789291382,0.7169557213783264,0.5728743672370911,0.4440542757511139,0.3350847661495209,0.24567720293998718,0.5028634071350098,0.5102024078369141,0.5204803347587585,0.5202496647834778,0.6005085110664368,0.5872968435287476,0.5868716239929199,0.5906572937965393,0.6911064386367798,0.6591243743896484,0.6608521938323975,0.6689446568489075,0.7680589556694031,0.7212390303611755,0.7193048000335693,0.7329645752906799,Thumbs_Up
0.23180100321769714,0.23941461741924286,0.29677098989486694,0.33496806025505066,0.35169124603271484,0.4186478853225708,0.37959614396095276,0.3499031960964203,0.32896533608436584,0.44699060916900635,0.4034850597381592,0.37398186326026917,0.3532096743583679,0.4514618515968323,0.4089616537094116,0.3850173056125641,0.3659362196922302,0.43841037154197693,0.4003053307533264,0.37449467182159424,0.35398051142692566,0.749180018901825,0.608924150466919,0.5033385753631592,0.4340376853942871,0.38405853509902954,0.4995560646057129,0.5233870148658752,0.5455845594406128,0.5539550185203552,0.5710912942886353,0.5928859710693359,0.6130432486534119,0.6255841255187988,0.6514623165130615,0.6615158915519714,0.6707160472869873,0.6781071424484253,0.7232635617256165,0.7177659869194031,0.7190097570419312,0.7210317254066467,Thumbs_Up
0.1963457316160202,0.24968121945858002,0.33307409286499023,0.3599770963191986,0.35085153579711914,0.39979085326194763,0.5143955945968628,0.48337146639823914,0.4390425682067871,0.3995216488838196,0.5112183690071106,0.4782238006591797,0.4339001774787903,0.3897969424724579,0.48359066247940063,0.4513300955295563,0.40953582525253296,0.3754878044128418,0.44154202938079834,0.41385549306869507,0.3814958930015564,0.7640498876571655,0.6361956000328064,0.5156232714653015,0.4083547592163086,0.31639087200164795,0.568681001663208,0.6000283360481262,0.6224499940872192,0.6201888918876648,0.6614751815795898,0.6881786584854126,0.6965451240539551,0.6877128481864929,0.7526943683624268,0.7596221566200256,0.7619643807411194,0.7559194564819336,0.8344647884368896,0.814653217792511,0.8116791248321533,0.8123773336410522,Thumbs_Up
0.20200671255588531,0.27519726753234863,0.3449789583683014,0.35086122155189514,0.3273288905620575,0.3071780204772949,0.4698027968406677,0.44292140007019043,0.3940826952457428,0.2724297344684601,0.45813506841659546,0.41813987493515015,0.36716169118881226,0.25315287709236145,0.42736929655075073,0.38186460733413696,0.33281368017196655,0.24160738289356232,0.3876000642776489,0.3588465452194214,0.31378018856048584,0.8044995665550232,0.6637296080589294,0.5083978176116943,0.3885599970817566,0.2883112132549286,0.495897501707077,0.5639178156852722,0.6092029213905334,0.600897490978241,0.5842068791389465,0.6604996919631958,0.6824020743370056,0.6692330241203308,0.680576503276825,0.7432432770729065,0.7515265941619873,0.7356820702552795,0.7726036310195923,0.8079102039337158,0.8032649755477905,0.7867278456687927,Thumbs_Up
0.6746348142623901,0.647743284702301,0.5901376605033875,0.5510371923446655,0.5547976493835449,0.46198511123657227,0.46315762400627136,0.4995284676551819,0.5241148471832275,0.43846550583839417,0.449923038482666,0.4813883900642395,0.5096081495285034,0.4349311888217926,0.45213568210601807,0.47936683893203735,0.5061300992965698,0.4414326250553131,0.45884937047958374,0.48920080065727234,0.5117125511169434,0.7044345736503601,0.5658780336380005,0.4445992708206177,0.3438970446586609,0.257632851600647,0.4717266261577606,0.4946191608905792,0.517870306968689,0.5287750959396362,0.5567784309387207,0.574571967124939,0.5884219408035278,0.5964577794075012,0.6453083753585815,0.6489064693450928,0.6576827764511108,0.6631785035133362,0.7282378077507019,0.7221506237983704,0.7252730131149292,0.7287315130233765,Thumbs_Up
0.6648069620132446,0.6226102709770203,0.5596248507499695,0.5398368835449219,0.547663152217865,0.5524454116821289,0.40416258573532104,0.42300042510032654,0.46664920449256897,0.5596456527709961,0.40137192606925964,0.429353266954422,0.4774925708770752,0.5651313662528992,0.4139501452445984,0.44261443614959717,0.49155786633491516,0.5657075047492981,0.4419482350349426,0.463351309299469,0.5073211193084717,0.7119026184082031,0.5964841842651367,0.45979413390159607,0.35322633385658264,0.255108505487442,0.4587664008140564,0.49100416898727417,0.5338183045387268,0.5338132381439209,0.5448638200759888,0.5787802934646606,0.6104662418365479,0.6069768667221069,0.6392917633056641,0.6554602384567261,0.6805447936058044,0.6815115213394165,0.7292255163192749,0.7270121574401855,0.7347232103347778,0.732765793800354,Thumbs_Up
0.6706496477127075,0.6307533979415894,0.5715186595916748,0.5369960069656372,0.5377368927001953,0.49409300088882446,0.3936668634414673,0.41112834215164185,0.4462074637413025,0.48823606967926025,0.39007627964019775,0.4162105321884155,0.45768794417381287,0.4907470941543579,0.39933404326438904,0.4252001941204071,0.4674394130706787,0.4954042434692383,0.4223591983318329,0.4493756592273712,0.4874646067619324,0.68526691198349,0.5668889880180359,0.44491636753082275,0.3475084900856018,0.2564430236816406,0.458706796169281,0.5027136206626892,0.5448270440101624,0.5495112538337708,0.5445886254310608,0.5848655104637146,0.6162270903587341,0.6158306002616882,0.6351630687713623,0.6543117165565491,0.6781851649284363,0.678547739982605,0.7251803278923035,0.7172608375549316,0.7297345399856567,0.73218834400177,Thumbs_Up
0.6933843493461609,0.6608520746231079,0.5952000617980957,0.550777018070221,0.5474928617477417,0.4899658262729645,0.4366284906864166,0.4699702560901642,0.506980836391449,0.4699486494064331,0.43255749344825745,0.4639926552772522,0.5004702806472778,0.4668673276901245,0.44451022148132324,0.47348493337631226,0.507004976272583,0.4723300039768219,0.4629003405570984,0.4947042465209961,0.5220772624015808,0.6856868267059326,0.5566754341125488,0.44345536828041077,0.34740105271339417,0.2618723511695862,0.4612528383731842,0.5063934326171875,0.5330833792686462,0.5320818424224854,0.5402288436889648,0.5765900015830994,0.5949085354804993,0.5917036533355713,0.6269387006759644,0.646703839302063,0.6599043607711792,0.656639039516449,0.7096863985061646,0.7148348093032837,0.7226226925849915,0.7194734811782837,Thumbs_Up
0.6324684619903564,0.6356055736541748,0.5853707790374756,0.5468485951423645,0.543063223361969,0.47963520884513855,0.5194268822669983,0.5491238236427307,0.5614845156669617,0.4516144096851349,0.49205929040908813,0.5185663104057312,0.5332908630371094,0.44537031650543213,0.47897228598594666,0.5030317902565002,0.519092321395874,0.4496769905090332,0.4812850058078766,0.5087111592292786,0.5245236158370972,0.682117760181427,0.5455499887466431,0.43184685707092285,0.3469129502773285,0.2729603052139282,0.44120562076568604,0.44522392749786377,0.47415652871131897,0.49834561347961426,0.5128694772720337,0.5171307325363159,0.5351247191429138,0.5564433932304382,0.5880841016769409,0.5846033692359924,0.5913572907447815,0.6059650182723999,0.658469021320343,0.6527500152587891,0.6542702317237854,0.6627116203308105,Thumbs_Up
0.6432963013648987,0.6101311445236206,0.5538502931594849,0.5173301100730896,0.5209141373634338,0.4774684011936188,0.39479750394821167,0.41950175166130066,0.45359155535697937,0.4657667279243469,0.39253368973731995,0.4214332699775696,0.4587118327617645,0.4614061713218689,0.3991782069206238,0.4280121326446533,0.4636704623699188,0.4625292420387268,0.41873255372047424,0.45001575350761414,0.4812738001346588,0.6685267686843872,0.5512529611587524,0.4469563364982605,0.35796403884887695,0.2738688588142395,0.4444003701210022,0.49390414357185364,0.5301377773284912,0.527998685836792,0.5172250866889954,0.5628424286842346,0.5916220545768738,0.5864863395690918,0.5977081060409546,0.6251749396324158,0.6506254076957703,0.6484352350234985,0.67890864610672,0.6875635385513306,0.7035712003707886,0.702065646648407,Thumbs_Up
0.6867173910140991,0.6295651197433472,0.563453197479248,0.546093225479126,0.557115912437439,0.5930677056312561,0.4486761689186096,0.47676900029182434,0.5191608667373657,0.6230506300926208,0.4603649377822876,0.500489354133606,0.5490977764129639,0.6409100890159607,0.48791465163230896,0.5258985757827759,0.5736005306243896,0.6474495530128479,0.5202255249023438,0.5430296659469604,0.5834219455718994,0.6863008141517639,0.5809450745582581,0.455125629901886,0.3521977663040161,0.2536123991012573,0.4350341558456421,0.4977537989616394,0.530630886554718,0.5198692083358765,0.5102133750915527,0.5828338861465454,0.5972219705581665,0.5832300186157227,0.5995585322380066,0.6593918204307556,0.6655243039131165,0.653388261795044,0.6905907988548279,0.7169721722602844,0.7148006558418274,0.7058586478233337,Thumbs_Up
0.7412629127502441,0.6832259297370911,0.6819135546684265,0.6915541887283325,0.6588938236236572,0.7923300266265869,0.8510021567344666,0.7855156660079956,0.7583335041999817,0.851921558380127,0.9030678868293762,0.8173738718032837,0.7962613701820374,0.8965904712677002,0.9420998692512512,0.8587652444839478,0.8340501189231873,0.9335528016090393,0.9484797716140747,0.8871639966964722,0.8713865280151367,0.7338274121284485,0.6496269106864929,0.4596806466579437,0.32875344157218933,0.24846264719963074,0.3988284170627594,0.37008553743362427,0.4569462239742279,0.46544355154037476,0.4570164680480957,0.4307882785797119,0.5289312601089478,0.5224712491035461,0.5258523225784302,0.5070582628250122,0.5880237817764282,0.5806700587272644,0.5923752188682556,0.5868782997131348,0.6448068618774414,0.6372360587120056,Thumbs_Up
0.775707483291626,0.7225618362426758,0.7178046703338623,0.739827573299408,0.7705186009407043,0.8127455711364746,0.6531828045845032,0.6615371108055115,0.706148624420166,0.8391415476799011,0.6564367413520813,0.6816597580909729,0.7251771092414856,0.8458287119865417,0.6717246770858765,0.6956201791763306,0.7397589087486267,0.8369886875152588,0.695913553237915,0.7121756076812744,0.756394624710083,0.7430734634399414,0.5824705362319946,0.42943617701530457,0.31108057498931885,0.21513688564300537,0.4083268642425537,0.4447847306728363,0.5076862573623657,0.5044384002685547,0.5002011656761169,0.5432881116867065,0.5834630727767944,0.5740042924880981,0.5995599627494812,0.6337752342224121,0.6590631008148193,0.6513640880584717,0.6966863870620728,0.710491418838501,0.7155981063842773,0.7038289904594421,Thumbs_Up
0.8254905343055725,0.7670174241065979,0.7455655336380005,0.7554472088813782,0.7822953462600708,0.7879847288131714,0.6131911873817444,0.6193065643310547,0.6624975800514221,0.8031362891197205,0.6045962572097778,0.6282050609588623,0.6697145700454712,0.8075326681137085,0.6179977655410767,0.64118891954422,0.6836716532707214,0.8010469079017639,0.6471877098083496,0.6629068851470947,0.7047980427742004,0.8081341981887817,0.6363292932510376,0.46525999903678894,0.3323019742965698,0.2311524748802185,0.4535549283027649,0.47805383801460266,0.5203431844711304,0.514786958694458,0.5529922246932983,0.5825310945510864,0.6007513999938965,0.5871051549911499,0.6540839672088623,0.6651476621627808,0.6717932820320129,0.6597045660018921,0.7531814575195312,0.7456256151199341,0.7347352504730225,0.7195380330085754,Thumbs_Up
0.7433009743690491,0.6470295786857605,0.5670565962791443,0.5086485743522644,0.45932790637016296,0.6233582496643066,0.5513650178909302,0.5007592439651489,0.4723867177963257,0.6546228528022766,0.6023027300834656,0.5437050461769104,0.4928925037384033,0.6953020095825195,0.6692665815353394,0.6290313601493835,0.5916299819946289,0.7341330051422119,0.7262385487556458,0.7124136686325073,0.6959907412528992,0.822649359703064,0.7845764756202698,0.6929022073745728,0.6376343369483948,0.5888322591781616,0.51385498046875,0.4462202787399292,0.48884016275405884,0.5403194427490234,0.484040766954422,0.3631315231323242,0.2951826751232147,0.2363247573375702,0.4852175712585449,0.35187995433807373,0.28166159987449646,0.22582516074180603,0.5138556361198425,0.39970457553863525,0.32240357995033264,0.254005491733551,OK
0.7331581115722656,0.6458345055580139,0.5728880763053894,0.5259979963302612,0.5126566290855408,0.578259289264679,0.5294094681739807,0.510188639163971,0.5089229345321655,0.6171735525131226,0.5649564862251282,0.5221530795097351,0.4848197102546692,0.66739422082901,0.6253312826156616,0.5920882225036621,0.5585256218910217,0.7223398089408875,0.700706958770752,0.6838110685348511,0.665215790271759,0.7629196643829346,0.7509320378303528,0.6758726835250854,0.6020768284797668,0.5281875133514404,0.5181528329849243,0.42705413699150085,0.4371369183063507,0.46778401732444763,0.4709073603153229,0.34389758110046387,0.27060604095458984,0.20913848280906677,0.45302751660346985,0.3329879641532898,0.2649752199649811,0.2065819799900055,0.45870301127433777,0.35293784737586975,0.2889690697193146,0.23132970929145813,OK
0.7310062646865845,0.6437218189239502,0.5820878148078918,0.5281001925468445,0.4846329689025879,0.6527855396270752,0.5831897854804993,0.5253399014472961,0.4887777268886566,0.6756828427314758,0.6415742635726929,0.5920973420143127,0.546773374080658,0.7030234336853027,0.6882598996162415,0.6579857468605042,0.6290881037712097,0.7227766513824463,0.7287890911102295,0.7187974452972412,0.705276608467102,0.7180500030517578,0.6439538598060608,0.5501818060874939,0.49875444173812866,0.4490645229816437,0.4085589349269867,0.33892732858657837,0.36949077248573303,0.4162983000278473,0.3952132761478424,0.26668399572372437,0.19620215892791748,0.1436328887939453,0.4077196419239044,0.27039802074432373,0.19962576031684875,0.1474810242652893,0.4394032061100006,0.3347512483596802,0.2598956823348999,0.19203731417655945,OK
0.7666712999343872,0.7370715141296387,0.7066487669944763,0.6630802750587463,0.6259328722953796,0.7529186010360718,0.6821555495262146,0.6284806728363037,0.5799134969711304,0.7417863607406616,0.6862861514091492,0.6329805254936218,0.5821706056594849,0.7135741114616394,0.6691665649414062,0.6338897943496704,0.6060528755187988,0.6686665415763855,0.6312685608863831,0.6076338291168213,0.5859938263893127,0.6963337659835815,0.5514553785324097,0.44446104764938354,0.3775079846382141,0.3262561559677124,0.39049407839775085,0.2905693054199219,0.25860828161239624,0.23376087844371796,0.40087297558784485,0.24229314923286438,0.16900712251663208,0.11893042922019958,0.4344390630722046,0.26554566621780396,0.20441530644893646,0.165960431098938,0.47802311182022095,0.37935930490493774,0.3294934928417206,0.2923774719238281,OK
0.7386260032653809,0.6587231159210205,0.5930101871490479,0.5408547520637512,0.5017092227935791,0.6485410332679749,0.5838106274604797,0.5345473289489746,0.5026335716247559,0.6739314198493958,0.6316643953323364,0.5799408555030823,0.5319936275482178,0.7065911293029785,0.6841065287590027,0.6495223045349121,0.6161262392997742,0.7372635006904602,0.7298101782798767,0.7128099799156189,0.6922378540039062,0.7007997632026672,0.6539942622184753,0.5736384987831116,0.5289701819419861,0.4858049154281616,0.4283616840839386,0.3700432777404785,0.4051890969276428,0.45173177123069763,0.4082583487033844,0.301818311214447,0.24767586588859558,0.20987489819526672,0.4132918119430542,0.2967292070388794,0.24033944308757782,0.198694109916687,0.4398362338542938,0.33842700719833374,0.27101802825927734,0.21127009391784668,OK
0.7595803141593933,0.675390899181366,0.5996050834655762,0.5465733408927917,0.5194892883300781,0.617677628993988,0.5605039000511169,0.5313799381256104,0.517454206943512,0.6486670970916748,0.5941711068153381,0.5467871427536011,0.5041415691375732,0.6914366483688354,0.6557143926620483,0.6237874627113342,0.5915305614471436,0.7387386560440063,0.7159242033958435,0.6964305639266968,0.67445969581604,0.7196534872055054,0.705288290977478,0.6381516456604004,0.5786297917366028,0.5135409832000732,0.4946838915348053,0.42623206973075867,0.4520776569843292,0.48796704411506653,0.4525283873081207,0.35696232318878174,0.306618869304657,0.2719038724899292,0.4346289038658142,0.33559948205947876,0.2893761992454529,0.25416818261146545,0.43735042214393616,0.34064623713493347,0.280262291431427,0.22667717933654785,OK
0.6466227769851685,0.6466310024261475,0.6757692098617554,0.7393640279769897,0.7826274037361145,0.6055798530578613,0.5870540738105774,0.5700443387031555,0.5496509075164795,0.6181614398956299,0.6560010313987732,0.706041157245636,0.7466546297073364,0.6545553207397461,0.6805816292762756,0.7141507267951965,0.7412547469139099,0.7051219940185547,0.7537640929222107,0.7770746946334839,0.7967877984046936,0.6648701429367065,0.5731315612792969,0.47383588552474976,0.40670493245124817,0.35464799404144287,0.42179057002067566,0.31009501218795776,0.23714974522590637,0.18112316727638245,0.45756998658180237,0.3165111839771271,0.2163689136505127,0.1469457447528839,0.5004708766937256,0.3623138666152954,0.2609642446041107,0.18502502143383026,0.5332132577896118,0.4451514482498169,0.4017919600009918,0.37192294001579285,OK
0.6353386044502258,0.6894960403442383,0.7461948394775391,0.8076462149620056,0.8566593527793884,0.6299021244049072,0.713861882686615,0.7870664000511169,0.8334773182868958,0.6011536717414856,0.6527056694030762,0.708523154258728,0.7437901496887207,0.5880452990531921,0.5839112401008606,0.5992690324783325,0.6067733764648438,0.5835989713668823,0.5513879060745239,0.5223623514175415,0.49675580859184265,0.6543155908584595,0.6404893398284912,0.5755788683891296,0.5008308291435242,0.43817752599716187,0.4959975481033325,0.3936242461204529,0.3993958532810211,0.4194674491882324,0.4539737105369568,0.32920023798942566,0.2444230020046234,0.17582806944847107,0.4271337687969208,0.29915285110473633,0.20665623247623444,0.1254478394985199,0.4073624312877655,0.3121000826358795,0.26400429010391235,0.2260591685771942,OK
0.1769377887248993,0.2513824701309204,0.31356772780418396,0.3650485873222351,0.4080200791358948,0.2769227921962738,0.3230589032173157,0.35640865564346313,0.375868558883667,0.2572755515575409,0.302725225687027,0.3395453989505768,0.36636990308761597,0.228691965341568,0.2557036876678467,0.28209388256073,0.3046068847179413,0.19558680057525635,0.2108013927936554,0.2265569120645523,0.24360251426696777,0.8106815814971924,0.7798677682876587,0.7089768052101135,0.6595996618270874,0.6189312934875488,0.5732002258300781,0.5136417150497437,0.5387689471244812,0.5689898729324341,0.5519183278083801,0.4537356495857239,0.3938145339488983,0.34438905119895935,0.5522662401199341,0.446838915348053,0.38551658391952515,0.3359787166118622,0.570931613445282,0.4812904894351959,0.42148107290267944,0.36970776319503784,OK
0.19563162326812744,0.27237698435783386,0.3183567523956299,0.36173877120018005,0.40065237879753113,0.2664373517036438,0.3195525109767914,0.35759803652763367,0.37939244508743286,0.2522091865539551,0.2915952503681183,0.32195791602134705,0.3432076871395111,0.23738287389278412,0.2721448838710785,0.29480448365211487,0.31198233366012573,0.2276628315448761,0.2515186667442322,0.26679104566574097,0.28138020634651184,0.7538294792175293,0.6972060799598694,0.6146481037139893,0.5668356418609619,0.5308191180229187,0.5002003908157349,0.4302416741847992,0.4665253460407257,0.5107463598251343,0.4920242726802826,0.38683533668518066,0.3195531964302063,0.2648018002510071,0.5056810975074768,0.39674004912376404,0.32461220026016235,0.2672659456729889,0.5304097533226013,0.44045764207839966,0.37466877698898315,0.3199347257614136,OK
0.19569918513298035,0.27962014079093933,0.32768821716308594,0.3719545006752014,0.4166274666786194,0.2636604905128479,0.32186397910118103,0.36415010690689087,0.39370203018188477,0.2537093758583069,0.30736199021339417,0.3406408131122589,0.3607321083545685,0.24922877550125122,0.30179300904273987,0.3290439248085022,0.34487828612327576,0.2540576756000519,0.2882353663444519,0.30666181445121765,0.3206087052822113,0.7442538738250732,0.6852452754974365,0.6007509231567383,0.5535516142845154,0.524266242980957,0.49067115783691406,0.41485750675201416,0.4275625944137573,0.4485419988632202,0.4825618267059326,0.3767675757408142,0.31352394819259644,0.2624448239803314,0.49641281366348267,0.3859920799732208,0.3127158582210541,0.2519832253456116,0.5197548866271973,0.4326338469982147,0.36869028210639954,0.31256774067878723,OK
0.2434159815311432,0.18628889322280884,0.17693296074867249,0.21055492758750916,0.24824529886245728,0.21711793541908264,0.2237078994512558,0.22836819291114807,0.23290139436721802,0.27215683460235596,0.2815532088279724,0.28664666414260864,0.290528804063797,0.3186984062194824,0.32973065972328186,0.3334546685218811,0.33399254083633423,0.35651808977127075,0.3731131851673126,0.37975481152534485,0.38570284843444824,0.7886008024215698,0.6870953440666199,0.6023176312446594,0.5481375455856323,0.5261384844779968,0.5228708386421204,0.4188944697380066,0.4274201989173889,0.45447489619255066,0.5224122405052185,0.3870360255241394,0.311481237411499,0.2555409371852875,0.5424236059188843,0.41389238834381104,0.3392196297645569,0.2804195284843445,0.5810220241546631,0.4750923216342926,0.4185536503791809,0.371584951877594,OK
0.4108598232269287,0.3223409950733185,0.2621629536151886,0.23074685037136078,0.21324606239795685,0.32254859805107117,0.2561604976654053,0.2353348731994629,0.2358248382806778,0.3550521731376648,0.294564425945282,0.26176419854164124,0.24279838800430298,0.3799324929714203,0.34374359250068665,0.32416754961013794,0.313062846660614,0.3959083557128906,0.37221992015838623,0.35861361026763916,0.3510911762714386,0.793499231338501,0.7632631063461304,0.6932578086853027,0.6226691603660583,0.568825900554657,0.5844317078590393,0.511168360710144,0.5341708660125732,0.5615403056144714,0.5505509376525879,0.43741416931152344,0.3742111921310425,0.3215208053588867,0.5437715649604797,0.4380715489387512,0.373080849647522,0.3245210647583008,0.553776741027832,0.4656565487384796,0.41543424129486084,0.37943321466445923,OK
0.34452304244041443,0.32402676343917847,0.34332212805747986,0.39358171820640564,0.43062102794647217,0.3079189956188202,0.35439276695251465,0.37821701169013977,0.39634037017822266,0.33392030000686646,0.36070966720581055,0.3755676746368408,0.3867523670196533,0.3662538528442383,0.4176604449748993,0.43907430768013,0.4437227249145508,0.40430670976638794,0.436707079410553,0.44261959195137024,0.4406229853630066,0.7064606547355652,0.629348635673523,0.554948091506958,0.5117357969284058,0.4850767254829407,0.5107820630073547,0.4197201132774353,0.35942310094833374,0.313565194606781,0.512376606464386,0.408753365278244,0.33637720346450806,0.2757837176322937,0.5289523005485535,0.4472605884075165,0.4725496172904968,0.5031556487083435,0.5505186319351196,0.4948296546936035,0.5053103566169739,0.522150993347168,OK
0.2702029347419739,0.3274250626564026,0.3733178675174713,0.4104398787021637,0.4435279369354248,0.3220128118991852,0.3654116988182068,0.39962759613990784,0.4202069044113159,0.308992862701416,0.3383662700653076,0.36256688833236694,0.3797692656517029,0.2910960912704468,0.3075030446052551,0.3224543631076813,0.3351497948169708,0.27014392614364624,0.2766993045806885,0.28201550245285034,0.287289559841156,0.7197155952453613,0.674368143081665,0.606126070022583,0.5554673075675964,0.5155713558197021,0.4960406720638275,0.437296986579895,0.45654791593551636,0.4868423044681549,0.47782468795776367,0.3832690715789795,0.32557913661003113,0.2809205651283264,0.47770053148269653,0.3816215395927429,0.31773579120635986,0.2694375216960907,0.48981091380119324,0.40835875272750854,0.3536323308944702,0.31133216619491577,OK
0.24968615174293518,0.31744930148124695,0.3748045861721039,0.4093397855758667,0.4318515658378601,0.35406047105789185,0.4010764956474304,0.4230160713195801,0.43249276280403137,0.3244263231754303,0.3750194311141968,0.4066705107688904,0.4325380325317383,0.2868853211402893,0.32329291105270386,0.3504177927970886,0.3761250674724579,0.23844486474990845,0.24620527029037476,0.25570785999298096,0.2693847417831421,0.7088279128074646,0.6765888333320618,0.622938871383667,0.5672020316123962,0.5135900378227234,0.49950331449508667,0.4327247440814972,0.45378708839416504,0.48950257897377014,0.46905356645584106,0.37660568952560425,0.3195071220397949,0.2684188485145569,0.4563800096511841,0.3596992492675781,0.3016844391822815,0.25545382499694824,0.4605657458305359,0.37415367364883423,0.3183554410934448,0.27088722586631775,OK
0.3161676526069641,0.2967885434627533,0.26505187153816223,0.20822733640670776,0.16182489693164825,0.35828307271003723,0.30110299587249756,0.23352351784706116,0.18755365908145905,0.3618066906929016,0.33584651350975037,0.32361531257629395,0.32087838649749756,0.35646626353263855,0.35589370131492615,0.36775779724121094,0.3794008493423462,0.3435817062854767,0.35602325201034546,0.37252935767173767,0.38635629415512085,0.6037968993186951,0.594645619392395,0.5478578805923462,0.49086296558380127,0.43389928340911865,0.4279828369617462,0.3625122606754303,0.3817310333251953,0.4057725667953491,0.39479637145996094,0.2728140354156494,0.19540107250213623,0.12605828046798706,0.3820216953754425,0.26088613271713257,0.186848446726799,0.131392702460289,0.380975604057312,0.28800737857818604,0.23064200580120087,0.18226291239261627,OK
0.6479474306106567,0.5325158834457397,0.4644874632358551,0.44790947437286377,0.4266854226589203,0.5043622255325317,0.46804729104042053,0.4528835415840149,0.4446864128112793,0.5630221962928772,0.5238349437713623,0.5020129680633545,0.4876401424407959,0.6233533024787903,0.588134229183197,0.5658485293388367,0.54771488904953,0.6919245719909668,0.6705260276794434,0.6500877141952515,0.6298643350601196,0.9134604930877686,0.8553123474121094,0.7184506058692932,0.5884264707565308,0.4793887436389923,0.5238703489303589,0.36205434799194336,0.266150563955307,0.1797064244747162,0.5019753575325012,0.3255975842475891,0.21623319387435913,0.11913856863975525,0.51279616355896,0.34158438444137573,0.23927024006843567,0.14750850200653076,0.5487399697303772,0.4162949323654175,0.3294268846511841,0.24731656908988953,Stop
0.6364158391952515,0.5256794691085815,0.4565684199333191,0.4373071789741516,0.41551661491394043,0.4947511553764343,0.4604673981666565,0.44574815034866333,0.4382626414299011,0.5536863207817078,0.5196462273597717,0.5002134442329407,0.4889262318611145,0.6126406192779541,0.584227979183197,0.5652023553848267,0.5505290627479553,0.6775716543197632,0.6598693132400513,0.6403747797012329,0.6211422681808472,0.8752850294113159,0.8249350786209106,0.6999215483665466,0.5800612568855286,0.4822956621646881,0.5129938125610352,0.3614186644554138,0.2684197425842285,0.18517008423805237,0.4907900094985962,0.32376036047935486,0.21769872307777405,0.12456169724464417,0.49950921535491943,0.3397229015827179,0.24064573645591736,0.15204522013664246,0.5329838395118713,0.408930242061615,0.3265671133995056,0.24957194924354553,Stop
0.6750327944755554,0.5692573189735413,0.4669463038444519,0.3837527632713318,0.31171151995658875,0.5206570625305176,0.46575766801834106,0.4361194372177124,0.41459518671035767,0.5845175385475159,0.5479517579078674,0.5244871377944946,0.5037354826927185,0.6538598537445068,0.6398252248764038,0.6243963837623596,0.6069442629814148,0.7256713509559631,0.7638051509857178,0.7880065441131592,0.8043403625488281,0.8398829698562622,0.8063361644744873,0.7211573123931885,0.6709221005439758,0.6596828699111938,0.505936861038208,0.377137154340744,0.29366323351860046,0.22013449668884277,0.470619261264801,0.3117507994174957,0.2130623459815979,0.12772366404533386,0.4736730456352234,0.31589552760124207,0.21620920300483704,0.12872743606567383,0.5078480243682861,0.3864676058292389,0.3039770722389221,0.22733387351036072,Stop
0.6980470418930054,0.5913295149803162,0.48878180980682373,0.4116863012313843,0.352396696805954,0.5300093293190002,0.4666892886161804,0.4305267930030823,0.40384232997894287,0.5903339385986328,0.5488426089286804,0.5219311714172363,0.4993845522403717,0.6562899947166443,0.6431565284729004,0.6328650116920471,0.6200473308563232,0.7256559133529663,0.7576461434364319,0.7773446440696716,0.7900547981262207,0.8251250982284546,0.7943704128265381,0.7232334613800049,0.6792656183242798,0.6515805721282959,0.5068022012710571,0.3821653723716736,0.303374707698822,0.23366042971611023,0.4666964113712311,0.30762720108032227,0.21019604802131653,0.12744224071502686,0.4648001790046692,0.3033141791820526,0.20432129502296448,0.1172792911529541,0.494123250246048,0.3753052353858948,0.2932834029197693,0.21704280376434326,Stop
0.6714946031570435,0.5457708239555359,0.4351482391357422,0.37161022424697876,0.311720073223114,0.4795321226119995,0.4174783527851105,0.38157933950424194,0.3522524833679199,0.5473180413246155,0.49686458706855774,0.4656190872192383,0.4372791051864624,0.6189143061637878,0.58408522605896,0.5564370155334473,0.5265362858772278,0.6967745423316956,0.687483549118042,0.6735311150550842,0.6545567512512207,0.8604239225387573,0.831922173500061,0.7182225584983826,0.6107772588729858,0.5328664779663086,0.49425429105758667,0.34268850088119507,0.25042852759361267,0.16798290610313416,0.45211759209632874,0.2795381546020508,0.1749764084815979,0.08640739321708679,0.4467247724533081,0.2814366817474365,0.179591566324234,0.09046584367752075,0.46888741850852966,0.3315694332122803,0.24271538853645325,0.1602960228919983,Stop
0.7102618217468262,0.5540339946746826,0.4272938370704651,0.3516484498977661,0.2745726704597473,0.44656580686569214,0.3575180768966675,0.3019144535064697,0.2589937448501587,0.5230481624603271,0.4475935101509094,0.3963354229927063,0.3525618314743042,0.6078363656997681,0.5495127439498901,0.5082916617393494,0.4679911732673645,0.7065610289573669,0.6854749917984009,0.6654667258262634,0.6412792205810547,0.9344875812530518,0.910940408706665,0.7891802787780762,0.6607855558395386,0.566425085067749,0.5288422703742981,0.3474712371826172,0.23224526643753052,0.12711140513420105,0.47171586751937866,0.26475951075553894,0.13201364874839783,0.010996580123901367,0.45709699392318726,0.25479987263679504,0.12566912174224854,0.007529258728027344,0.47517529129981995,0.307650089263916,0.19651350378990173,0.090902179479599,Stop
0.6983284950256348,0.5927122235298157,0.5091171860694885,0.45723944902420044,0.40927886962890625,0.522033154964447,0.46247565746307373,0.42553484439849854,0.3951075077056885,0.5731515288352966,0.5212047100067139,0.48739758133888245,0.45725730061531067,0.6299165487289429,0.5880688428878784,0.558299720287323,0.5272269248962402,0.6952416896820068,0.6786292791366577,0.6593582630157471,0.6356838941574097,0.8238384127616882,0.8009989261627197,0.7233393788337708,0.6449350118637085,0.5795795321464539,0.544380247592926,0.42506760358810425,0.35406970977783203,0.28938761353492737,0.5043550729751587,0.3675328493118286,0.28586792945861816,0.21334487199783325,0.4938427209854126,0.3587638735771179,0.2814398407936096,0.21257001161575317,0.5055792331695557,0.3958917260169983,0.3239530324935913,0.2561056911945343,Stop
0.6416158676147461,0.5413062572479248,0.4590059518814087,0.4135749340057373,0.37587666511535645,0.4777722954750061,0.42401325702667236,0.39213937520980835,0.3667076528072357,0.5290685296058655,0.48060405254364014,0.45056474208831787,0.4249398708343506,0.5847705006599426,0.544119119644165,0.5154817700386047,0.48688602447509766,0.6468307971954346,0.6248025298118591,0.6066679358482361,0.5873022675514221,0.7884000539779663,0.7697567939758301,0.6885457634925842,0.6043490171432495,0.5304190516471863,0.5223156213760376,0.40828198194503784,0.3389723300933838,0.2767598032951355,0.4876428544521332,0.3571118712425232,0.27528703212738037,0.20493879914283752,0.48008155822753906,0.35318392515182495,0.2760733366012573,0.2076779305934906,0.49181002378463745,0.3881417214870453,0.3220647871494293,0.2610538601875305,Stop
0.6406265497207642,0.5308675765991211,0.4405224621295929,0.3887002766132355,0.3414699137210846,0.46359822154045105,0.40424469113349915,0.3679541051387787,0.3385079801082611,0.5180898308753967,0.46363627910614014,0.4298992156982422,0.40136826038360596,0.5771418213844299,0.5311275124549866,0.5012845993041992,0.4716027081012726,0.6438348889350891,0.6207220554351807,0.600615382194519,0.578105092048645,0.7957884073257446,0.7802051305770874,0.6927268505096436,0.5984079837799072,0.5226028561592102,0.5213783979415894,0.39645031094551086,0.321532666683197,0.2534453570842743,0.4816814661026001,0.3407256007194519,0.2520288825035095,0.17240563035011292,0.47218072414398193,0.3378417491912842,0.25493136048316956,0.17896008491516113,0.4839831292629242,0.3737875819206238,0.30340248346328735,0.23767974972724915,Stop
0.5739452838897705,0.45851463079452515,0.34573474526405334,0.250146746635437,0.16697347164154053,0.40477946400642395,0.3409866392612457,0.303885817527771,0.2782646119594574,0.48516926169395447,0.45211261510849,0.4354134798049927,0.42637869715690613,0.5676378607749939,0.5715675950050354,0.5757601261138916,0.5784696936607361,0.6503509879112244,0.7037097811698914,0.7397153377532959,0.7678542733192444,0.7700020670890808,0.7344845533370972,0.6561623811721802,0.6173272132873535,0.6234383583068848,0.41185009479522705,0.26076540350914,0.16162919998168945,0.0727016031742096,0.3683285415172577,0.18247109651565552,0.05863317847251892,-0.04895946383476257,0.3759796619415283,0.19436310231685638,0.06955838203430176,-0.03892514109611511,0.4241766929626465,0.2955300211906433,0.20492123067378998,0.12326961755752563,Stop
0.652588963508606,0.5369565486907959,0.44417229294776917,0.3944401741027832,0.3433673679828644,0.44482913613319397,0.388010174036026,0.362366259098053,0.3463241457939148,0.4961223304271698,0.4331647455692291,0.4006940424442291,0.37648093700408936,0.5545124411582947,0.4935113191604614,0.4575653076171875,0.4281123876571655,0.6269416213035583,0.5796088576316833,0.5449478030204773,0.5118064284324646,0.8120872974395752,0.798771321773529,0.6910896301269531,0.5738816857337952,0.4743700921535492,0.48937928676605225,0.3433619439601898,0.24910856783390045,0.15923956036567688,0.4520684480667114,0.28990697860717773,0.1858217716217041,0.0851784348487854,0.4480314254760742,0.2884292006492615,0.18933624029159546,0.0964890718460083,0.46634742617607117,0.34157854318618774,0.2606751024723053,0.183120459318161,Stop
0.6610568761825562,0.5437228679656982,0.4517628848552704,0.40800797939300537,0.3677818477153778,0.4585965871810913,0.3974274694919586,0.3666364550590515,0.34576061367988586,0.5180085301399231,0.4557223618030548,0.4187926650047302,0.39104700088500977,0.5853692889213562,0.5446380972862244,0.5201249718666077,0.49615269899368286,0.6633301377296448,0.6663428544998169,0.6591651439666748,0.6450986862182617,0.8259117007255554,0.8090482950210571,0.7112267017364502,0.5950926542282104,0.4951663315296173,0.50238037109375,0.362663209438324,0.273315966129303,0.19254332780838013,0.4567367732524872,0.2957766056060791,0.19284102320671082,0.10250890254974365,0.44983962178230286,0.2831895053386688,0.17989081144332886,0.08705034852027893,0.4719201326370239,0.34348785877227783,0.25459474325180054,0.16941410303115845,Stop
0.662804126739502,0.5435677170753479,0.44500359892845154,0.39270079135894775,0.34361374378204346,0.45328831672668457,0.3772687017917633,0.33797839283943176,0.3085417151451111,0.5174045562744141,0.45235979557037354,0.41297227144241333,0.3792528510093689,0.5894345641136169,0.5491923689842224,0.5225407481193542,0.4939180314540863,0.6705206036567688,0.6805479526519775,0.6833559274673462,0.6781525611877441,0.8210680484771729,0.8133867979049683,0.7219566106796265,0.6071927547454834,0.5042101144790649,0.5125524997711182,0.3723326623439789,0.28106898069381714,0.19726106524467468,0.45873212814331055,0.29200804233551025,0.18701928853988647,0.09396493434906006,0.4468132257461548,0.27899596095085144,0.17052918672561646,0.07290920615196228,0.46472930908203125,0.32916635274887085,0.23566845059394836,0.14929544925689697,Stop
0.16588498651981354,0.25651800632476807,0.3331758975982666,0.3739376962184906,0.39025408029556274,0.27395883202552795,0.31058281660079956,0.3311977982521057,0.34731191396713257,0.21715709567070007,0.24842606484889984,0.2699722945690155,0.28770947456359863,0.1582539677619934,0.1747385859489441,0.1914796233177185,0.21000000834465027,0.0944899171590805,0.0936741977930069,0.09931983053684235,0.11047065258026123,0.9652820825576782,0.9183416366577148,0.82383793592453,0.7326886057853699,0.657824695110321,0.6514648199081421,0.5311092138290405,0.4529411792755127,0.3850666582584381,0.6351678371429443,0.49855536222457886,0.4106266498565674,0.33605340123176575,0.646519660949707,0.5128228664398193,0.4285855293273926,0.35680097341537476,0.6805748343467712,0.5729368329048157,0.5002400875091553,0.4338113069534302,Stop
0.18889924883842468,0.29247114062309265,0.3795614242553711,0.4292118549346924,0.4729768633842468,0.3136979639530182,0.35593244433403015,0.37786799669265747,0.39583563804626465,0.25497710704803467,0.2880019247531891,0.30913493037223816,0.3266843557357788,0.1965637505054474,0.21403612196445465,0.23168550431728363,0.2503820061683655,0.13526321947574615,0.13134406507015228,0.133976548910141,0.1400669664144516,0.9178968667984009,0.8668817281723022,0.7650240063667297,0.6682606339454651,0.5950245261192322,0.5792397856712341,0.45550358295440674,0.3763687014579773,0.30801916122436523,0.5587485432624817,0.41635528206825256,0.3245249390602112,0.24919912219047546,0.5678424835205078,0.43001100420951843,0.3452562093734741,0.2741759121417999,0.6018276810646057,0.4964296221733093,0.4246860146522522,0.3559924364089966,Stop
0.264726459980011,0.36659061908721924,0.44864991307258606,0.4959554672241211,0.5445587038993835,0.37674185633659363,0.4171825051307678,0.4378354549407959,0.45364320278167725,0.3195805847644806,0.35040104389190674,0.37155914306640625,0.3888496458530426,0.26134631037712097,0.27704057097435,0.2949475347995758,0.31441739201545715,0.1995343118906021,0.19843344390392303,0.20676884055137634,0.2200356125831604,0.7609028816223145,0.7156927585601807,0.6189666986465454,0.5227965116500854,0.45472586154937744,0.4493982195854187,0.33433324098587036,0.2603517174720764,0.19577905535697937,0.43076691031455994,0.29611876606941223,0.20949840545654297,0.13682255148887634,0.43998607993125916,0.3050372004508972,0.22381997108459473,0.15467506647109985,0.4719434380531311,0.3670898675918579,0.29710590839385986,0.2308303713798523,Stop
0.2698710858821869,0.3762148320674896,0.4545394778251648,0.4978209137916565,0.5502331256866455,0.3847511112689972,0.4229920208454132,0.4414469301700592,0.45465803146362305,0.32195767760276794,0.35725483298301697,0.37927088141441345,0.39644482731819153,0.2571057975292206,0.2741306722164154,0.2911759316921234,0.3102107346057892,0.1883489489555359,0.19011686742305756,0.20049209892749786,0.215943843126297,0.7689014673233032,0.7122902870178223,0.600593090057373,0.4877195656299591,0.4013885259628296,0.4158861041069031,0.27066662907600403,0.17845335602760315,0.09727123379707336,0.3989657461643219,0.23595163226127625,0.13278067111968994,0.04598870873451233,0.4146591126918793,0.2535640597343445,0.15414941310882568,0.06758728623390198,0.45534810423851013,0.33125439286231995,0.24668873846530914,0.16591879725456238,Stop
0.29653650522232056,0.3977310061454773,0.4447161555290222,0.43990838527679443,0.45981529355049133,0.3904711902141571,0.40266430377960205,0.4039114713668823,0.40313124656677246,0.33008497953414917,0.3446996808052063,0.35514870285987854,0.3658464252948761,0.2724262773990631,0.28158462047576904,0.2973722815513611,0.31674742698669434,0.21447552740573883,0.21595227718353271,0.22939401865005493,0.2503794729709625,0.7967490553855896,0.7241048216819763,0.5927157402038574,0.46704792976379395,0.3562016189098358,0.4302999973297119,0.28472936153411865,0.18899878859519958,0.10202968120574951,0.4206341505050659,0.2557213306427002,0.14689451456069946,0.05458614230155945,0.44172996282577515,0.28618597984313965,0.1844688057899475,0.09821256995201111,0.485544890165329,0.36677515506744385,0.2837395668029785,0.20427826046943665,Stop
0.28517502546310425,0.38707906007766724,0.437691867351532,0.43369045853614807,0.451490581035614,0.3807901442050934,0.3952658474445343,0.39856088161468506,0.4004914164543152,0.32066911458969116,0.3375529646873474,0.3485051691532135,0.3606995642185211,0.2639125883579254,0.2760448753833771,0.2920283377170563,0.3111623525619507,0.20573380589485168,0.21088898181915283,0.2252052128314972,0.24483996629714966,0.7995851039886475,0.731043815612793,0.5975028872489929,0.4653891921043396,0.3578068017959595,0.42972293496131897,0.2844125032424927,0.19053921103477478,0.10595127940177917,0.4182436466217041,0.254375159740448,0.14806315302848816,0.05736219882965088,0.4378736913204193,0.28283196687698364,0.182228684425354,0.09553954005241394,0.4825730323791504,0.3633837103843689,0.2814766764640808,0.20196110010147095,Stop
0.2789529263973236,0.3827352821826935,0.46558475494384766,0.5175172686576843,0.5723180770874023,0.3966967761516571,0.44758379459381104,0.4725514352321625,0.49004697799682617,0.3254462480545044,0.350350022315979,0.3679361939430237,0.3801426291465759,0.2558329403400421,0.2538067102432251,0.2565883994102478,0.2632516622543335,0.18890845775604248,0.14867599308490753,0.12075163424015045,0.09855054318904877,0.8116292953491211,0.757029116153717,0.6438906788825989,0.5386662483215332,0.47453242540359497,0.45683056116104126,0.31129640340805054,0.22052744030952454,0.14386308193206787,0.4347010850906372,0.26067018508911133,0.1492043435573578,0.05992797017097473,0.4575706422328949,0.2882218062877655,0.17792773246765137,0.08464962244033813,0.5171215534210205,0.4164068400859833,0.34803587198257446,0.28473132848739624,Stop
0.275137335062027,0.38341909646987915,0.4794180989265442,0.5527662038803101,0.6275862455368042,0.38489052653312683,0.43725860118865967,0.46794724464416504,0.4912763237953186,0.307821661233902,0.3339534103870392,0.35348519682884216,0.36652621626853943,0.23181310296058655,0.21242061257362366,0.2073080688714981,0.20713621377944946,0.16152487695217133,0.09138526022434235,0.046893537044525146,0.011142253875732422,0.8261932730674744,0.7631150484085083,0.650206983089447,0.559878408908844,0.5142576694488525,0.4594143331050873,0.31146371364593506,0.21913906931877136,0.13731330633163452,0.43342265486717224,0.2611570358276367,0.15076789259910583,0.05716809630393982,0.45172762870788574,0.28562796115875244,0.17385220527648926,0.07597219944000244,0.5082489848136902,0.40268802642822266,0.3329187035560608,0.2634377181529999,Stop
0.2671322822570801,0.37375834584236145,0.46863770484924316,0.5480731725692749,0.6276595592498779,0.3726716935634613,0.4198787212371826,0.44574442505836487,0.4651113450527191,0.29437255859375,0.3182605504989624,0.33461669087409973,0.3456818759441376,0.21884316205978394,0.19121533632278442,0.17909415066242218,0.17554134130477905,0.1511802077293396,0.08134432137012482,0.03859400749206543,0.006180852651596069,0.8227707147598267,0.7620666027069092,0.6731311082839966,0.6023129224777222,0.5676313042640686,0.46188074350357056,0.3146856427192688,0.22452214360237122,0.14152246713638306,0.43945926427841187,0.26611173152923584,0.15848755836486816,0.06607860326766968,0.4604887068271637,0.29578468203544617,0.18790361285209656,0.091327965259552,0.5190322995185852,0.4097573161125183,0.3354673981666565,0.25986990332603455,Stop
0.2835122048854828,0.3836255669593811,0.45465153455734253,0.49510473012924194,0.5544812679290771,0.4160084128379822,0.45555639266967773,0.4750022292137146,0.49032139778137207,0.35052382946014404,0.38856378197669983,0.41370531916618347,0.43546003103256226,0.2843796908855438,0.3032456636428833,0.3230088949203491,0.346248060464859,0.21477773785591125,0.21258693933486938,0.21954376995563507,0.23247858881950378,0.8135601282119751,0.7592834234237671,0.6411647796630859,0.5232690572738647,0.4467449188232422,0.46166762709617615,0.3170408308506012,0.22549158334732056,0.14340627193450928,0.43922731280326843,0.27811646461486816,0.17761358618736267,0.09124144911766052,0.45267218351364136,0.29560649394989014,0.1982375681400299,0.11333134770393372,0.4940235912799835,0.3722664415836334,0.28934359550476074,0.20856961607933044,Stop
0.3523474931716919,0.417041152715683,0.4549153745174408,0.4099903404712677,0.3543294072151184,0.4310232102870941,0.4573598802089691,0.47040337324142456,0.4786526560783386,0.3786902129650116,0.3716352581977844,0.36884573101997375,0.36716169118881226,0.33498862385749817,0.33467337489128113,0.35289815068244934,0.36370372772216797,0.2969485819339752,0.2968059182167053,0.31881818175315857,0.334526389837265,0.8372718691825867,0.7981246709823608,0.719083845615387,0.6743128895759583,0.6498139500617981,0.5610123872756958,0.4494697153568268,0.3744584619998932,0.3117782771587372,0.5592629313468933,0.4288301467895508,0.34213772416114807,0.2701777517795563,0.5910934209823608,0.5592483878135681,0.6407618522644043,0.6974022388458252,0.643546462059021,0.615038275718689,0.6719846129417419,0.7184861898422241,Peace
0.3483002483844757,0.412233829498291,0.44702214002609253,0.40193837881088257,0.3449040353298187,0.4226652979850769,0.4468775689601898,0.45833027362823486,0.4647952914237976,0.3696025013923645,0.36003047227859497,0.355183869600296,0.3508794605731964,0.3253612518310547,0.3245679438114166,0.34324565529823303,0.35213154554367065,0.28687572479248047,0.28880125284194946,0.31106993556022644,0.32437214255332947,0.8195070624351501,0.7779592275619507,0.694878339767456,0.6472467184066772,0.6196432709693909,0.5364954471588135,0.42142254114151,0.34491121768951416,0.27990907430648804,0.5364522337913513,0.40348905324935913,0.3147726356983185,0.24141693115234375,0.5685366988182068,0.5280323028564453,0.611594557762146,0.6703161597251892,0.6203857064247131,0.5878391861915588,0.6447467803955078,0.6916312575340271,Peace
0.3616691827774048,0.42464298009872437,0.4585840404033661,0.41219472885131836,0.3558938801288605,0.4326325058937073,0.4572449326515198,0.4687769412994385,0.4754810929298401,0.3806384801864624,0.3718425929546356,0.36711299419403076,0.3630225360393524,0.3375535011291504,0.3368961811065674,0.3561958074569702,0.36618277430534363,0.3000134229660034,0.30120211839675903,0.32397395372390747,0.3384460210800171,0.8135766983032227,0.7742515206336975,0.6919336318969727,0.6454406976699829,0.6181654334068298,0.5353391766548157,0.4212722182273865,0.34458765387535095,0.27987590432167053,0.5350478291511536,0.4045051336288452,0.31529414653778076,0.24005073308944702,0.5668572187423706,0.5299451351165771,0.6130756139755249,0.6702305674552917,0.618564248085022,0.5905113220214844,0.6467731595039368,0.6912485361099243,Peace
0.36184293031692505,0.42482757568359375,0.4592326879501343,0.41303297877311707,0.3567963242530823,0.432381272315979,0.45755529403686523,0.47008177638053894,0.47721898555755615,0.38057321310043335,0.3713774085044861,0.3665636479854584,0.36202093958854675,0.3376554250717163,0.3375293016433716,0.35696327686309814,0.36650174856185913,0.30086180567741394,0.302264928817749,0.32492390275001526,0.33887672424316406,0.8103889226913452,0.7710894346237183,0.6902950406074524,0.6453065276145935,0.6183101534843445,0.5351842045783997,0.4195261597633362,0.3430338501930237,0.27834850549697876,0.5348702669143677,0.40340936183929443,0.3147231936454773,0.23993709683418274,0.5661706924438477,0.5294824838638306,0.6111820936203003,0.6672040820121765,0.6170443892478943,0.5900285243988037,0.6444951295852661,0.687475323677063,Peace
0.3371835947036743,0.40225353837013245,0.44791609048843384,0.4774264991283417,0.49604156613349915,0.4077029824256897,0.4242381751537323,0.4304133355617523,0.430427610874176,0.35972005128860474,0.3828054964542389,0.39287471771240234,0.3963749408721924,0.3189692795276642,0.4060811400413513,0.46031302213668823,0.4904367923736572,0.29313746094703674,0.373828262090683,0.4143066108226776,0.43559756875038147,0.7904967069625854,0.7399047017097473,0.6779159903526306,0.626793384552002,0.5770087838172913,0.5286844372749329,0.417144238948822,0.3443234860897064,0.2800084948539734,0.5264110565185547,0.4043378233909607,0.3102707862854004,0.23494961857795715,0.5512868165969849,0.5360139608383179,0.6113361120223999,0.6694539785385132,0.5972804427146912,0.6097625494003296,0.6549022197723389,0.6884232759475708,Peace
0.3515489399433136,0.41104480624198914,0.43506091833114624,0.3858862519264221,0.33922216296195984,0.43513569235801697,0.47467994689941406,0.4961985647678375,0.5112160444259644,0.38295063376426697,0.3778189718723297,0.37977850437164307,0.38161608576774597,0.3377138078212738,0.34412288665771484,0.36596447229385376,0.37543734908103943,0.29803842306137085,0.31656450033187866,0.34380823373794556,0.360018253326416,0.8038264513015747,0.7554070949554443,0.6677792072296143,0.6009259223937988,0.5642110705375671,0.5376460552215576,0.43585795164108276,0.36958062648773193,0.317287802696228,0.5270290374755859,0.3980708420276642,0.3163076937198639,0.2548104524612427,0.549838662147522,0.50038743019104,0.5520657300949097,0.6002849340438843,0.5906749367713928,0.5553562045097351,0.5902137160301208,0.6272430419921875,Peace
0.3135235607624054,0.3536403179168701,0.35037291049957275,0.2942242920398712,0.24559959769248962,0.3840128183364868,0.39553508162498474,0.404564768075943,0.413409948348999,0.3449976146221161,0.35250720381736755,0.3568771481513977,0.3649546504020691,0.30784428119659424,0.26515838503837585,0.2537168562412262,0.25749993324279785,0.2748655676841736,0.23700720071792603,0.2369856834411621,0.24759948253631592,0.810824990272522,0.7673840522766113,0.67416912317276,0.6052302122116089,0.5542601346969604,0.5506433248519897,0.4346039891242981,0.3617823123931885,0.3000519573688507,0.5395954251289368,0.40735965967178345,0.32226675748825073,0.2516128718852997,0.559215784072876,0.5070697665214539,0.56378573179245,0.6057637333869934,0.5947961807250977,0.5568811297416687,0.5999735593795776,0.6331863403320312,Peace
0.32656559348106384,0.30391594767570496,0.32431745529174805,0.365055650472641,0.4048086404800415,0.3325393497943878,0.3397163450717926,0.33834731578826904,0.3364394009113312,0.380985289812088,0.4170640707015991,0.44083014130592346,0.45989102125167847,0.42532962560653687,0.44277942180633545,0.426309198141098,0.4101637303829193,0.46066856384277344,0.4657506048679352,0.4504230320453644,0.4368107318878174,0.7995217442512512,0.6792759299278259,0.5942491292953491,0.5596987009048462,0.5563194751739502,0.5255839228630066,0.4093073606491089,0.34028303623199463,0.28374168276786804,0.5328048467636108,0.4120500683784485,0.3414512574672699,0.2939492464065552,0.5653223395347595,0.5355555415153503,0.5654581189155579,0.5919676423072815,0.6109101176261902,0.5869967937469482,0.607266902923584,0.6316902041435242,Peace
0.307260662317276,0.3487410545349121,0.4131316840648651,0.4786052107810974,0.5252488851547241,0.3601475656032562,0.3964284360408783,0.41354450583457947,0.41855543851852417,0.37689143419265747,0.4305683374404907,0.4595199525356293,0.47110074758529663,0.3898313343524933,0.4947967529296875,0.5056504011154175,0.4921993613243103,0.41381925344467163,0.4965950846672058,0.4923134446144104,0.4688660502433777,0.7683034539222717,0.6652371287345886,0.5847412943840027,0.5585163831710815,0.5756834745407104,0.499012291431427,0.3962768614292145,0.3338070511817932,0.27592214941978455,0.5092345476150513,0.39738303422927856,0.31869885325431824,0.2511959671974182,0.5436372756958008,0.49501651525497437,0.5617986917495728,0.5966704487800598,0.589923083782196,0.5696215629577637,0.6162971258163452,0.6423574686050415,Peace
0.36272355914115906,0.3144519627094269,0.3157797157764435,0.3482650816440582,0.37009111046791077,0.335591584444046,0.321694016456604,0.3158411383628845,0.3134461045265198,0.38945087790489197,0.4148173928260803,0.43562445044517517,0.45550090074539185,0.4343162477016449,0.4294412434101105,0.41213172674179077,0.40230417251586914,0.4686194062232971,0.4540889263153076,0.43775272369384766,0.4293396472930908,0.7900066375732422,0.7000490427017212,0.6128142476081848,0.5610355138778687,0.5501239895820618,0.5256080031394958,0.40755993127822876,0.33696645498275757,0.2804882526397705,0.5241881012916565,0.4049097001552582,0.3324483633041382,0.2835839092731476,0.5506820678710938,0.5364542603492737,0.5689075589179993,0.6008992195129395,0.5864882469177246,0.5777220726013184,0.6053908467292786,0.6352052688598633,Peace
0.4698342978954315,0.39909157156944275,0.3571564853191376,0.3746722340583801,0.4030066430568695,0.4039756655693054,0.3981313407421112,0.4023785889148712,0.40787455439567566,0.45206841826438904,0.44542279839515686,0.44744476675987244,0.45649924874305725,0.4904530644416809,0.464434951543808,0.44485628604888916,0.4384925961494446,0.515941858291626,0.4863702356815338,0.46918973326683044,0.46644145250320435,0.7832341194152832,0.7277688980102539,0.6428511142730713,0.5815370082855225,0.5468761920928955,0.539885938167572,0.4170116186141968,0.3449556231498718,0.29230034351348877,0.5348035097122192,0.40905630588531494,0.3410159647464752,0.2960163950920105,0.5530449151992798,0.5151329636573792,0.5448055267333984,0.5812639594078064,0.5809509754180908,0.5668494701385498,0.5923140048980713,0.6220805644989014,Peace
0.39775872230529785,0.38234376907348633,0.40634751319885254,0.4503827691078186,0.48998141288757324,0.3978170156478882,0.3986290395259857,0.39582058787345886,0.3959738314151764,0.4458678066730499,0.48395034670829773,0.5074624419212341,0.5276491641998291,0.48985305428504944,0.5289684534072876,0.5158851146697998,0.4980905055999756,0.527219295501709,0.5457082986831665,0.5342039465904236,0.5213378667831421,0.7752804160118103,0.6524030566215515,0.5671830773353577,0.5409940481185913,0.546612560749054,0.5170018076896667,0.4093698263168335,0.33726173639297485,0.28110912442207336,0.5274754166603088,0.4186975955963135,0.3473584055900574,0.29369309544563293,0.5615463852882385,0.5171182751655579,0.5494829416275024,0.578076958656311,0.6075208783149719,0.5853075385093689,0.6073966026306152,0.629785418510437,Peace
0.6641452312469482,0.5820897221565247,0.5266503691673279,0.5560752153396606,0.6100497245788574,0.5098690986633301,0.44820597767829895,0.4125415086746216,0.3855409622192383,0.5704343318939209,0.5472294092178345,0.5299755930900574,0.5174914002418518,0.6307750940322876,0.6271064877510071,0.6147536635398865,0.6067764163017273,0.6895005106925964,0.6783366203308105,0.6613258123397827,0.6495245099067688,0.7468274831771851,0.7219194173812866,0.6444411277770996,0.566323459148407,0.5145868062973022,0.44914019107818604,0.3329332172870636,0.255312979221344,0.18623733520507812,0.41939860582351685,0.26227182149887085,0.16167330741882324,0.07424864172935486,0.43645408749580383,0.32555297017097473,0.4222370684146881,0.5040450692176819,0.4831770956516266,0.41578274965286255,0.48010018467903137,0.5425987243652344,Peace
0.716431200504303,0.5993468761444092,0.5428888201713562,0.4965283274650574,0.4584540128707886,0.6203165650367737,0.5827090740203857,0.5692713260650635,0.559090256690979,0.6487465500831604,0.5844500660896301,0.5586272478103638,0.5441924333572388,0.6618795394897461,0.5499531626701355,0.49661022424697876,0.47334837913513184,0.6551159620285034,0.5581982135772705,0.5040029287338257,0.4719393253326416,0.7119252681732178,0.6437466144561768,0.574100911617279,0.5346591472625732,0.49530303478240967,0.40141671895980835,0.2651255130767822,0.17667895555496216,0.0960206389427185,0.41323480010032654,0.279401957988739,0.17714136838912964,0.08909913897514343,0.45675212144851685,0.3753778338432312,0.441360741853714,0.5046583414077759,0.5232757329940796,0.48670271039009094,0.5200178027153015,0.5564702749252319,Peace
0.7146262526512146,0.6985237002372742,0.6562444567680359,0.6019709706306458,0.5519055128097534,0.6570770740509033,0.6415767669677734,0.6387650966644287,0.6392925381660461,0.63361656665802,0.5374979376792908,0.48275864124298096,0.4418620765209198,0.6039933562278748,0.4945472180843353,0.49532681703567505,0.5161345601081848,0.5728238224983215,0.4773489832878113,0.46896639466285706,0.4799312949180603,0.6924062967300415,0.5607144832611084,0.462191641330719,0.43283602595329285,0.4300903081893921,0.4070897698402405,0.2667068839073181,0.17912530899047852,0.10303235054016113,0.45169469714164734,0.3258950710296631,0.2515389323234558,0.1889060139656067,0.5113195180892944,0.4124833643436432,0.4499751925468445,0.48581790924072266,0.5706644654273987,0.4892621338367462,0.503804087638855,0.5245850086212158,Peace
0.7090851664543152,0.7063844203948975,0.6591647267341614,0.6014376878738403,0.5523205399513245,0.6637794971466064,0.6439484357833862,0.6299517750740051,0.6179437041282654,0.6167954206466675,0.5370258688926697,0.4880674183368683,0.4462769627571106,0.5751911401748657,0.5010368824005127,0.5282043218612671,0.5547330975532532,0.5435556173324585,0.4996870458126068,0.512939453125,0.5276258587837219,0.6748554110527039,0.5426254272460938,0.45175597071647644,0.4349050521850586,0.4343288838863373,0.41562619805336,0.2713053524494171,0.18658283352851868,0.11840635538101196,0.4558577239513397,0.327843576669693,0.25794070959091187,0.20889350771903992,0.5068966150283813,0.3996707797050476,0.41593310236930847,0.4477476179599762,0.555804967880249,0.47019270062446594,0.47943437099456787,0.5057620406150818,Peace
0.7055414915084839,0.6982729434967041,0.6579693555831909,0.608530580997467,0.5632011890411377,0.6630099415779114,0.6470599174499512,0.6414470076560974,0.6366044878959656,0.6304869651794434,0.5506230592727661,0.5020375847816467,0.46320733428001404,0.5984326601028442,0.5084048509597778,0.5221643447875977,0.5453107357025146,0.5688030123710632,0.5008001327514648,0.5094603896141052,0.5302740335464478,0.6482560038566589,0.5198221206665039,0.4287242591381073,0.40964457392692566,0.41673460602760315,0.3816697597503662,0.25199973583221436,0.17033648490905762,0.1008196473121643,0.4139429032802582,0.3014255464076996,0.23753096163272858,0.18474814295768738,0.4647790789604187,0.3857003152370453,0.42860209941864014,0.4630799889564514,0.5226824283599854,0.45699745416641235,0.48454493284225464,0.5111047625541687,Peace
0.7266156673431396,0.62659752368927,0.5651887059211731,0.5168954730033875,0.480060338973999,0.6471644043922424,0.6116476058959961,0.6003845930099487,0.5921666026115417,0.6652644276618958,0.5799891948699951,0.5284145474433899,0.49508386850357056,0.6687831282615662,0.5642622709274292,0.5166183114051819,0.5014157295227051,0.6562537550926208,0.5686363577842712,0.5293433666229248,0.5143952369689941,0.6659918427467346,0.6134517192840576,0.5548912286758423,0.5244314670562744,0.4960033595561981,0.3935684859752655,0.2804514467716217,0.20315322279930115,0.13428330421447754,0.41015148162841797,0.30776962637901306,0.24461515247821808,0.19706815481185913,0.45191940665245056,0.40335550904273987,0.44925105571746826,0.4960256814956665,0.5105662941932678,0.48114925622940063,0.5064690709114075,0.5350079536437988,Peace
0.7223093509674072,0.650566041469574,0.6001049280166626,0.6156324148178101,0.6471015214920044,0.5859166979789734,0.5328588485717773,0.4998568296432495,0.47546976804733276,0.6381662487983704,0.6140314936637878,0.5954139828681946,0.585242748260498,0.6913838982582092,0.6784951090812683,0.6607925891876221,0.6538004279136658,0.7397547960281372,0.715144157409668,0.691953718662262,0.6804022192955017,0.6867079138755798,0.6664548516273499,0.5960274934768677,0.5216686725616455,0.46732571721076965,0.4435717761516571,0.3455618619918823,0.2815423011779785,0.2257087379693985,0.41704434156417847,0.2769516110420227,0.1888050138950348,0.11542713642120361,0.4291936159133911,0.34558337926864624,0.4171188771724701,0.47858062386512756,0.46489205956459045,0.4057900905609131,0.4537021517753601,0.502407431602478,Peace
0.7277529239654541,0.6659200191497803,0.6264856457710266,0.663876473903656,0.700140655040741,0.554462194442749,0.48713213205337524,0.45854735374450684,0.44240543246269226,0.6072242856025696,0.5671968460083008,0.5517073273658752,0.5411623120307922,0.6649457216262817,0.6774913668632507,0.6957739591598511,0.7036890983581543,0.7236841917037964,0.7286917567253113,0.7293376326560974,0.7253296971321106,0.7244065999984741,0.7166707515716553,0.6437706351280212,0.5452598929405212,0.46679607033729553,0.495514839887619,0.3974660634994507,0.33725133538246155,0.2974058985710144,0.4412071406841278,0.30494439601898193,0.21687620878219604,0.14954572916030884,0.43373623490333557,0.3530349135398865,0.4208489656448364,0.4760323166847229,0.4533240795135498,0.3995582163333893,0.44574084877967834,0.4885934591293335,Peace
0.7083158493041992,0.6429179906845093,0.5987643599510193,0.6280376315116882,0.6646227836608887,0.5624254941940308,0.5052571892738342,0.4678235650062561,0.4397289752960205,0.6173623204231262,0.5942479372024536,0.5762506127357483,0.5661009550094604,0.6747151017189026,0.6806121468544006,0.6687771677970886,0.661044180393219,0.7278159856796265,0.7206522822380066,0.7087886333465576,0.7011880874633789,0.698051929473877,0.6863085031509399,0.62436842918396,0.5579712390899658,0.507235050201416,0.4578338861465454,0.36191827058792114,0.29635870456695557,0.2411837875843048,0.428494930267334,0.2866096496582031,0.19815582036972046,0.12289202213287354,0.44175317883491516,0.3612239360809326,0.4389635920524597,0.498792439699173,0.47981736063957214,0.43111321330070496,0.48113641142845154,0.5229193568229675,Peace
0.7514731287956238,0.7761718034744263,0.7441811561584473,0.686203122138977,0.6336009502410889,0.7477272748947144,0.7568855881690979,0.7634547352790833,0.7674744129180908,0.6918485164642334,0.6469493508338928,0.6199576258659363,0.5942414402961731,0.6405867338180542,0.6033417582511902,0.6293242573738098,0.6468755006790161,0.6015205979347229,0.5956411361694336,0.6189846992492676,0.6343435049057007,0.7630208730697632,0.6248453259468079,0.5158777832984924,0.485113263130188,0.4767386019229889,0.47518491744995117,0.3274880647659302,0.24059930443763733,0.1679631769657135,0.4932471811771393,0.3437419831752777,0.25847873091697693,0.19261375069618225,0.5280879139900208,0.4043382406234741,0.431379497051239,0.4711456894874573,0.5678415894508362,0.4786118268966675,0.49153101444244385,0.5166407227516174,Peace
0.7528491020202637,0.6483195424079895,0.6026066541671753,0.570040225982666,0.5391275882720947,0.6760831475257874,0.6317204236984253,0.613875687122345,0.5994701385498047,0.6861142516136169,0.5984697341918945,0.5513684749603271,0.5211200714111328,0.6783002614974976,0.5613071322441101,0.5084417462348938,0.4849175214767456,0.6553296446800232,0.5599811673164368,0.5184223651885986,0.49591490626335144,0.730315625667572,0.6716729402542114,0.5963077545166016,0.5432897806167603,0.5038150548934937,0.4477437436580658,0.32183167338371277,0.2380169928073883,0.16694989800453186,0.4665178060531616,0.3461257219314575,0.266161173582077,0.2036762237548828,0.510125458240509,0.45089656114578247,0.49335968494415283,0.5333305597305298,0.5683180689811707,0.52873694896698,0.5495982766151428,0.5699377059936523,Peace
